p, user0, data0, read
g, user0, group0
p, user1, data0, read
g, user1, group0
p, user2, data0, read
g, user2, group0
p, user3, data0, read
g, user3, group0
p, user4, data0, read
g, user4, group0
p, user5, data0, read
g, user5, group0
p, user6, data0, read
g, user6, group0
p, user7, data0, read
g, user7, group0
p, user8, data0, read
g, user8, group0
p, user9, data0, read
g, user9, group0
p, user10, data1, read
g, user10, group1
p, user11, data1, read
g, user11, group1
p, user12, data1, read
g, user12, group1
p, user13, data1, read
g, user13, group1
p, user14, data1, read
g, user14, group1
p, user15, data1, read
g, user15, group1
p, user16, data1, read
g, user16, group1
p, user17, data1, read
g, user17, group1
p, user18, data1, read
g, user18, group1
p, user19, data1, read
g, user19, group1
p, user20, data2, read
g, user20, group2
p, user21, data2, read
g, user21, group2
p, user22, data2, read
g, user22, group2
p, user23, data2, read
g, user23, group2
p, user24, data2, read
g, user24, group2
p, user25, data2, read
g, user25, group2
p, user26, data2, read
g, user26, group2
p, user27, data2, read
g, user27, group2
p, user28, data2, read
g, user28, group2
p, user29, data2, read
g, user29, group2
p, user30, data3, read
g, user30, group3
p, user31, data3, read
g, user31, group3
p, user32, data3, read
g, user32, group3
p, user33, data3, read
g, user33, group3
p, user34, data3, read
g, user34, group3
p, user35, data3, read
g, user35, group3
p, user36, data3, read
g, user36, group3
p, user37, data3, read
g, user37, group3
p, user38, data3, read
g, user38, group3
p, user39, data3, read
g, user39, group3
p, user40, data4, read
g, user40, group4
p, user41, data4, read
g, user41, group4
p, user42, data4, read
g, user42, group4
p, user43, data4, read
g, user43, group4
p, user44, data4, read
g, user44, group4
p, user45, data4, read
g, user45, group4
p, user46, data4, read
g, user46, group4
p, user47, data4, read
g, user47, group4
p, user48, data4, read
g, user48, group4
p, user49, data4, read
g, user49, group4
p, user50, data5, read
g, user50, group5
p, user51, data5, read
g, user51, group5
p, user52, data5, read
g, user52, group5
p, user53, data5, read
g, user53, group5
p, user54, data5, read
g, user54, group5
p, user55, data5, read
g, user55, group5
p, user56, data5, read
g, user56, group5
p, user57, data5, read
g, user57, group5
p, user58, data5, read
g, user58, group5
p, user59, data5, read
g, user59, group5
p, user60, data6, read
g, user60, group6
p, user61, data6, read
g, user61, group6
p, user62, data6, read
g, user62, group6
p, user63, data6, read
g, user63, group6
p, user64, data6, read
g, user64, group6
p, user65, data6, read
g, user65, group6
p, user66, data6, read
g, user66, group6
p, user67, data6, read
g, user67, group6
p, user68, data6, read
g, user68, group6
p, user69, data6, read
g, user69, group6
p, user70, data7, read
g, user70, group7
p, user71, data7, read
g, user71, group7
p, user72, data7, read
g, user72, group7
p, user73, data7, read
g, user73, group7
p, user74, data7, read
g, user74, group7
p, user75, data7, read
g, user75, group7
p, user76, data7, read
g, user76, group7
p, user77, data7, read
g, user77, group7
p, user78, data7, read
g, user78, group7
p, user79, data7, read
g, user79, group7
p, user80, data8, read
g, user80, group8
p, user81, data8, read
g, user81, group8
p, user82, data8, read
g, user82, group8
p, user83, data8, read
g, user83, group8
p, user84, data8, read
g, user84, group8
p, user85, data8, read
g, user85, group8
p, user86, data8, read
g, user86, group8
p, user87, data8, read
g, user87, group8
p, user88, data8, read
g, user88, group8
p, user89, data8, read
g, user89, group8
p, user90, data9, read
g, user90, group9
p, user91, data9, read
g, user91, group9
p, user92, data9, read
g, user92, group9
p, user93, data9, read
g, user93, group9
p, user94, data9, read
g, user94, group9
p, user95, data9, read
g, user95, group9
p, user96, data9, read
g, user96, group9
p, user97, data9, read
g, user97, group9
p, user98, data9, read
g, user98, group9
p, user99, data9, read
g, user99, group9
p, user100, data10, read
g, user100, group10
p, user101, data10, read
g, user101, group10
p, user102, data10, read
g, user102, group10
p, user103, data10, read
g, user103, group10
p, user104, data10, read
g, user104, group10
p, user105, data10, read
g, user105, group10
p, user106, data10, read
g, user106, group10
p, user107, data10, read
g, user107, group10
p, user108, data10, read
g, user108, group10
p, user109, data10, read
g, user109, group10
p, user110, data11, read
g, user110, group11
p, user111, data11, read
g, user111, group11
p, user112, data11, read
g, user112, group11
p, user113, data11, read
g, user113, group11
p, user114, data11, read
g, user114, group11
p, user115, data11, read
g, user115, group11
p, user116, data11, read
g, user116, group11
p, user117, data11, read
g, user117, group11
p, user118, data11, read
g, user118, group11
p, user119, data11, read
g, user119, group11
p, user120, data12, read
g, user120, group12
p, user121, data12, read
g, user121, group12
p, user122, data12, read
g, user122, group12
p, user123, data12, read
g, user123, group12
p, user124, data12, read
g, user124, group12
p, user125, data12, read
g, user125, group12
p, user126, data12, read
g, user126, group12
p, user127, data12, read
g, user127, group12
p, user128, data12, read
g, user128, group12
p, user129, data12, read
g, user129, group12
p, user130, data13, read
g, user130, group13
p, user131, data13, read
g, user131, group13
p, user132, data13, read
g, user132, group13
p, user133, data13, read
g, user133, group13
p, user134, data13, read
g, user134, group13
p, user135, data13, read
g, user135, group13
p, user136, data13, read
g, user136, group13
p, user137, data13, read
g, user137, group13
p, user138, data13, read
g, user138, group13
p, user139, data13, read
g, user139, group13
p, user140, data14, read
g, user140, group14
p, user141, data14, read
g, user141, group14
p, user142, data14, read
g, user142, group14
p, user143, data14, read
g, user143, group14
p, user144, data14, read
g, user144, group14
p, user145, data14, read
g, user145, group14
p, user146, data14, read
g, user146, group14
p, user147, data14, read
g, user147, group14
p, user148, data14, read
g, user148, group14
p, user149, data14, read
g, user149, group14
p, user150, data15, read
g, user150, group15
p, user151, data15, read
g, user151, group15
p, user152, data15, read
g, user152, group15
p, user153, data15, read
g, user153, group15
p, user154, data15, read
g, user154, group15
p, user155, data15, read
g, user155, group15
p, user156, data15, read
g, user156, group15
p, user157, data15, read
g, user157, group15
p, user158, data15, read
g, user158, group15
p, user159, data15, read
g, user159, group15
p, user160, data16, read
g, user160, group16
p, user161, data16, read
g, user161, group16
p, user162, data16, read
g, user162, group16
p, user163, data16, read
g, user163, group16
p, user164, data16, read
g, user164, group16
p, user165, data16, read
g, user165, group16
p, user166, data16, read
g, user166, group16
p, user167, data16, read
g, user167, group16
p, user168, data16, read
g, user168, group16
p, user169, data16, read
g, user169, group16
p, user170, data17, read
g, user170, group17
p, user171, data17, read
g, user171, group17
p, user172, data17, read
g, user172, group17
p, user173, data17, read
g, user173, group17
p, user174, data17, read
g, user174, group17
p, user175, data17, read
g, user175, group17
p, user176, data17, read
g, user176, group17
p, user177, data17, read
g, user177, group17
p, user178, data17, read
g, user178, group17
p, user179, data17, read
g, user179, group17
p, user180, data18, read
g, user180, group18
p, user181, data18, read
g, user181, group18
p, user182, data18, read
g, user182, group18
p, user183, data18, read
g, user183, group18
p, user184, data18, read
g, user184, group18
p, user185, data18, read
g, user185, group18
p, user186, data18, read
g, user186, group18
p, user187, data18, read
g, user187, group18
p, user188, data18, read
g, user188, group18
p, user189, data18, read
g, user189, group18
p, user190, data19, read
g, user190, group19
p, user191, data19, read
g, user191, group19
p, user192, data19, read
g, user192, group19
p, user193, data19, read
g, user193, group19
p, user194, data19, read
g, user194, group19
p, user195, data19, read
g, user195, group19
p, user196, data19, read
g, user196, group19
p, user197, data19, read
g, user197, group19
p, user198, data19, read
g, user198, group19
p, user199, data19, read
g, user199, group19
p, user200, data20, read
g, user200, group20
p, user201, data20, read
g, user201, group20
p, user202, data20, read
g, user202, group20
p, user203, data20, read
g, user203, group20
p, user204, data20, read
g, user204, group20
p, user205, data20, read
g, user205, group20
p, user206, data20, read
g, user206, group20
p, user207, data20, read
g, user207, group20
p, user208, data20, read
g, user208, group20
p, user209, data20, read
g, user209, group20
p, user210, data21, read
g, user210, group21
p, user211, data21, read
g, user211, group21
p, user212, data21, read
g, user212, group21
p, user213, data21, read
g, user213, group21
p, user214, data21, read
g, user214, group21
p, user215, data21, read
g, user215, group21
p, user216, data21, read
g, user216, group21
p, user217, data21, read
g, user217, group21
p, user218, data21, read
g, user218, group21
p, user219, data21, read
g, user219, group21
p, user220, data22, read
g, user220, group22
p, user221, data22, read
g, user221, group22
p, user222, data22, read
g, user222, group22
p, user223, data22, read
g, user223, group22
p, user224, data22, read
g, user224, group22
p, user225, data22, read
g, user225, group22
p, user226, data22, read
g, user226, group22
p, user227, data22, read
g, user227, group22
p, user228, data22, read
g, user228, group22
p, user229, data22, read
g, user229, group22
p, user230, data23, read
g, user230, group23
p, user231, data23, read
g, user231, group23
p, user232, data23, read
g, user232, group23
p, user233, data23, read
g, user233, group23
p, user234, data23, read
g, user234, group23
p, user235, data23, read
g, user235, group23
p, user236, data23, read
g, user236, group23
p, user237, data23, read
g, user237, group23
p, user238, data23, read
g, user238, group23
p, user239, data23, read
g, user239, group23
p, user240, data24, read
g, user240, group24
p, user241, data24, read
g, user241, group24
p, user242, data24, read
g, user242, group24
p, user243, data24, read
g, user243, group24
p, user244, data24, read
g, user244, group24
p, user245, data24, read
g, user245, group24
p, user246, data24, read
g, user246, group24
p, user247, data24, read
g, user247, group24
p, user248, data24, read
g, user248, group24
p, user249, data24, read
g, user249, group24
p, user250, data25, read
g, user250, group25
p, user251, data25, read
g, user251, group25
p, user252, data25, read
g, user252, group25
p, user253, data25, read
g, user253, group25
p, user254, data25, read
g, user254, group25
p, user255, data25, read
g, user255, group25
p, user256, data25, read
g, user256, group25
p, user257, data25, read
g, user257, group25
p, user258, data25, read
g, user258, group25
p, user259, data25, read
g, user259, group25
p, user260, data26, read
g, user260, group26
p, user261, data26, read
g, user261, group26
p, user262, data26, read
g, user262, group26
p, user263, data26, read
g, user263, group26
p, user264, data26, read
g, user264, group26
p, user265, data26, read
g, user265, group26
p, user266, data26, read
g, user266, group26
p, user267, data26, read
g, user267, group26
p, user268, data26, read
g, user268, group26
p, user269, data26, read
g, user269, group26
p, user270, data27, read
g, user270, group27
p, user271, data27, read
g, user271, group27
p, user272, data27, read
g, user272, group27
p, user273, data27, read
g, user273, group27
p, user274, data27, read
g, user274, group27
p, user275, data27, read
g, user275, group27
p, user276, data27, read
g, user276, group27
p, user277, data27, read
g, user277, group27
p, user278, data27, read
g, user278, group27
p, user279, data27, read
g, user279, group27
p, user280, data28, read
g, user280, group28
p, user281, data28, read
g, user281, group28
p, user282, data28, read
g, user282, group28
p, user283, data28, read
g, user283, group28
p, user284, data28, read
g, user284, group28
p, user285, data28, read
g, user285, group28
p, user286, data28, read
g, user286, group28
p, user287, data28, read
g, user287, group28
p, user288, data28, read
g, user288, group28
p, user289, data28, read
g, user289, group28
p, user290, data29, read
g, user290, group29
p, user291, data29, read
g, user291, group29
p, user292, data29, read
g, user292, group29
p, user293, data29, read
g, user293, group29
p, user294, data29, read
g, user294, group29
p, user295, data29, read
g, user295, group29
p, user296, data29, read
g, user296, group29
p, user297, data29, read
g, user297, group29
p, user298, data29, read
g, user298, group29
p, user299, data29, read
g, user299, group29
p, user300, data30, read
g, user300, group30
p, user301, data30, read
g, user301, group30
p, user302, data30, read
g, user302, group30
p, user303, data30, read
g, user303, group30
p, user304, data30, read
g, user304, group30
p, user305, data30, read
g, user305, group30
p, user306, data30, read
g, user306, group30
p, user307, data30, read
g, user307, group30
p, user308, data30, read
g, user308, group30
p, user309, data30, read
g, user309, group30
p, user310, data31, read
g, user310, group31
p, user311, data31, read
g, user311, group31
p, user312, data31, read
g, user312, group31
p, user313, data31, read
g, user313, group31
p, user314, data31, read
g, user314, group31
p, user315, data31, read
g, user315, group31
p, user316, data31, read
g, user316, group31
p, user317, data31, read
g, user317, group31
p, user318, data31, read
g, user318, group31
p, user319, data31, read
g, user319, group31
p, user320, data32, read
g, user320, group32
p, user321, data32, read
g, user321, group32
p, user322, data32, read
g, user322, group32
p, user323, data32, read
g, user323, group32
p, user324, data32, read
g, user324, group32
p, user325, data32, read
g, user325, group32
p, user326, data32, read
g, user326, group32
p, user327, data32, read
g, user327, group32
p, user328, data32, read
g, user328, group32
p, user329, data32, read
g, user329, group32
p, user330, data33, read
g, user330, group33
p, user331, data33, read
g, user331, group33
p, user332, data33, read
g, user332, group33
p, user333, data33, read
g, user333, group33
p, user334, data33, read
g, user334, group33
p, user335, data33, read
g, user335, group33
p, user336, data33, read
g, user336, group33
p, user337, data33, read
g, user337, group33
p, user338, data33, read
g, user338, group33
p, user339, data33, read
g, user339, group33
p, user340, data34, read
g, user340, group34
p, user341, data34, read
g, user341, group34
p, user342, data34, read
g, user342, group34
p, user343, data34, read
g, user343, group34
p, user344, data34, read
g, user344, group34
p, user345, data34, read
g, user345, group34
p, user346, data34, read
g, user346, group34
p, user347, data34, read
g, user347, group34
p, user348, data34, read
g, user348, group34
p, user349, data34, read
g, user349, group34
p, user350, data35, read
g, user350, group35
p, user351, data35, read
g, user351, group35
p, user352, data35, read
g, user352, group35
p, user353, data35, read
g, user353, group35
p, user354, data35, read
g, user354, group35
p, user355, data35, read
g, user355, group35
p, user356, data35, read
g, user356, group35
p, user357, data35, read
g, user357, group35
p, user358, data35, read
g, user358, group35
p, user359, data35, read
g, user359, group35
p, user360, data36, read
g, user360, group36
p, user361, data36, read
g, user361, group36
p, user362, data36, read
g, user362, group36
p, user363, data36, read
g, user363, group36
p, user364, data36, read
g, user364, group36
p, user365, data36, read
g, user365, group36
p, user366, data36, read
g, user366, group36
p, user367, data36, read
g, user367, group36
p, user368, data36, read
g, user368, group36
p, user369, data36, read
g, user369, group36
p, user370, data37, read
g, user370, group37
p, user371, data37, read
g, user371, group37
p, user372, data37, read
g, user372, group37
p, user373, data37, read
g, user373, group37
p, user374, data37, read
g, user374, group37
p, user375, data37, read
g, user375, group37
p, user376, data37, read
g, user376, group37
p, user377, data37, read
g, user377, group37
p, user378, data37, read
g, user378, group37
p, user379, data37, read
g, user379, group37
p, user380, data38, read
g, user380, group38
p, user381, data38, read
g, user381, group38
p, user382, data38, read
g, user382, group38
p, user383, data38, read
g, user383, group38
p, user384, data38, read
g, user384, group38
p, user385, data38, read
g, user385, group38
p, user386, data38, read
g, user386, group38
p, user387, data38, read
g, user387, group38
p, user388, data38, read
g, user388, group38
p, user389, data38, read
g, user389, group38
p, user390, data39, read
g, user390, group39
p, user391, data39, read
g, user391, group39
p, user392, data39, read
g, user392, group39
p, user393, data39, read
g, user393, group39
p, user394, data39, read
g, user394, group39
p, user395, data39, read
g, user395, group39
p, user396, data39, read
g, user396, group39
p, user397, data39, read
g, user397, group39
p, user398, data39, read
g, user398, group39
p, user399, data39, read
g, user399, group39
p, user400, data40, read
g, user400, group40
p, user401, data40, read
g, user401, group40
p, user402, data40, read
g, user402, group40
p, user403, data40, read
g, user403, group40
p, user404, data40, read
g, user404, group40
p, user405, data40, read
g, user405, group40
p, user406, data40, read
g, user406, group40
p, user407, data40, read
g, user407, group40
p, user408, data40, read
g, user408, group40
p, user409, data40, read
g, user409, group40
p, user410, data41, read
g, user410, group41
p, user411, data41, read
g, user411, group41
p, user412, data41, read
g, user412, group41
p, user413, data41, read
g, user413, group41
p, user414, data41, read
g, user414, group41
p, user415, data41, read
g, user415, group41
p, user416, data41, read
g, user416, group41
p, user417, data41, read
g, user417, group41
p, user418, data41, read
g, user418, group41
p, user419, data41, read
g, user419, group41
p, user420, data42, read
g, user420, group42
p, user421, data42, read
g, user421, group42
p, user422, data42, read
g, user422, group42
p, user423, data42, read
g, user423, group42
p, user424, data42, read
g, user424, group42
p, user425, data42, read
g, user425, group42
p, user426, data42, read
g, user426, group42
p, user427, data42, read
g, user427, group42
p, user428, data42, read
g, user428, group42
p, user429, data42, read
g, user429, group42
p, user430, data43, read
g, user430, group43
p, user431, data43, read
g, user431, group43
p, user432, data43, read
g, user432, group43
p, user433, data43, read
g, user433, group43
p, user434, data43, read
g, user434, group43
p, user435, data43, read
g, user435, group43
p, user436, data43, read
g, user436, group43
p, user437, data43, read
g, user437, group43
p, user438, data43, read
g, user438, group43
p, user439, data43, read
g, user439, group43
p, user440, data44, read
g, user440, group44
p, user441, data44, read
g, user441, group44
p, user442, data44, read
g, user442, group44
p, user443, data44, read
g, user443, group44
p, user444, data44, read
g, user444, group44
p, user445, data44, read
g, user445, group44
p, user446, data44, read
g, user446, group44
p, user447, data44, read
g, user447, group44
p, user448, data44, read
g, user448, group44
p, user449, data44, read
g, user449, group44
p, user450, data45, read
g, user450, group45
p, user451, data45, read
g, user451, group45
p, user452, data45, read
g, user452, group45
p, user453, data45, read
g, user453, group45
p, user454, data45, read
g, user454, group45
p, user455, data45, read
g, user455, group45
p, user456, data45, read
g, user456, group45
p, user457, data45, read
g, user457, group45
p, user458, data45, read
g, user458, group45
p, user459, data45, read
g, user459, group45
p, user460, data46, read
g, user460, group46
p, user461, data46, read
g, user461, group46
p, user462, data46, read
g, user462, group46
p, user463, data46, read
g, user463, group46
p, user464, data46, read
g, user464, group46
p, user465, data46, read
g, user465, group46
p, user466, data46, read
g, user466, group46
p, user467, data46, read
g, user467, group46
p, user468, data46, read
g, user468, group46
p, user469, data46, read
g, user469, group46
p, user470, data47, read
g, user470, group47
p, user471, data47, read
g, user471, group47
p, user472, data47, read
g, user472, group47
p, user473, data47, read
g, user473, group47
p, user474, data47, read
g, user474, group47
p, user475, data47, read
g, user475, group47
p, user476, data47, read
g, user476, group47
p, user477, data47, read
g, user477, group47
p, user478, data47, read
g, user478, group47
p, user479, data47, read
g, user479, group47
p, user480, data48, read
g, user480, group48
p, user481, data48, read
g, user481, group48
p, user482, data48, read
g, user482, group48
p, user483, data48, read
g, user483, group48
p, user484, data48, read
g, user484, group48
p, user485, data48, read
g, user485, group48
p, user486, data48, read
g, user486, group48
p, user487, data48, read
g, user487, group48
p, user488, data48, read
g, user488, group48
p, user489, data48, read
g, user489, group48
p, user490, data49, read
g, user490, group49
p, user491, data49, read
g, user491, group49
p, user492, data49, read
g, user492, group49
p, user493, data49, read
g, user493, group49
p, user494, data49, read
g, user494, group49
p, user495, data49, read
g, user495, group49
p, user496, data49, read
g, user496, group49
p, user497, data49, read
g, user497, group49
p, user498, data49, read
g, user498, group49
p, user499, data49, read
g, user499, group49
p, user500, data50, read
g, user500, group50
p, user501, data50, read
g, user501, group50
p, user502, data50, read
g, user502, group50
p, user503, data50, read
g, user503, group50
p, user504, data50, read
g, user504, group50
p, user505, data50, read
g, user505, group50
p, user506, data50, read
g, user506, group50
p, user507, data50, read
g, user507, group50
p, user508, data50, read
g, user508, group50
p, user509, data50, read
g, user509, group50
p, user510, data51, read
g, user510, group51
p, user511, data51, read
g, user511, group51
p, user512, data51, read
g, user512, group51
p, user513, data51, read
g, user513, group51
p, user514, data51, read
g, user514, group51
p, user515, data51, read
g, user515, group51
p, user516, data51, read
g, user516, group51
p, user517, data51, read
g, user517, group51
p, user518, data51, read
g, user518, group51
p, user519, data51, read
g, user519, group51
p, user520, data52, read
g, user520, group52
p, user521, data52, read
g, user521, group52
p, user522, data52, read
g, user522, group52
p, user523, data52, read
g, user523, group52
p, user524, data52, read
g, user524, group52
p, user525, data52, read
g, user525, group52
p, user526, data52, read
g, user526, group52
p, user527, data52, read
g, user527, group52
p, user528, data52, read
g, user528, group52
p, user529, data52, read
g, user529, group52
p, user530, data53, read
g, user530, group53
p, user531, data53, read
g, user531, group53
p, user532, data53, read
g, user532, group53
p, user533, data53, read
g, user533, group53
p, user534, data53, read
g, user534, group53
p, user535, data53, read
g, user535, group53
p, user536, data53, read
g, user536, group53
p, user537, data53, read
g, user537, group53
p, user538, data53, read
g, user538, group53
p, user539, data53, read
g, user539, group53
p, user540, data54, read
g, user540, group54
p, user541, data54, read
g, user541, group54
p, user542, data54, read
g, user542, group54
p, user543, data54, read
g, user543, group54
p, user544, data54, read
g, user544, group54
p, user545, data54, read
g, user545, group54
p, user546, data54, read
g, user546, group54
p, user547, data54, read
g, user547, group54
p, user548, data54, read
g, user548, group54
p, user549, data54, read
g, user549, group54
p, user550, data55, read
g, user550, group55
p, user551, data55, read
g, user551, group55
p, user552, data55, read
g, user552, group55
p, user553, data55, read
g, user553, group55
p, user554, data55, read
g, user554, group55
p, user555, data55, read
g, user555, group55
p, user556, data55, read
g, user556, group55
p, user557, data55, read
g, user557, group55
p, user558, data55, read
g, user558, group55
p, user559, data55, read
g, user559, group55
p, user560, data56, read
g, user560, group56
p, user561, data56, read
g, user561, group56
p, user562, data56, read
g, user562, group56
p, user563, data56, read
g, user563, group56
p, user564, data56, read
g, user564, group56
p, user565, data56, read
g, user565, group56
p, user566, data56, read
g, user566, group56
p, user567, data56, read
g, user567, group56
p, user568, data56, read
g, user568, group56
p, user569, data56, read
g, user569, group56
p, user570, data57, read
g, user570, group57
p, user571, data57, read
g, user571, group57
p, user572, data57, read
g, user572, group57
p, user573, data57, read
g, user573, group57
p, user574, data57, read
g, user574, group57
p, user575, data57, read
g, user575, group57
p, user576, data57, read
g, user576, group57
p, user577, data57, read
g, user577, group57
p, user578, data57, read
g, user578, group57
p, user579, data57, read
g, user579, group57
p, user580, data58, read
g, user580, group58
p, user581, data58, read
g, user581, group58
p, user582, data58, read
g, user582, group58
p, user583, data58, read
g, user583, group58
p, user584, data58, read
g, user584, group58
p, user585, data58, read
g, user585, group58
p, user586, data58, read
g, user586, group58
p, user587, data58, read
g, user587, group58
p, user588, data58, read
g, user588, group58
p, user589, data58, read
g, user589, group58
p, user590, data59, read
g, user590, group59
p, user591, data59, read
g, user591, group59
p, user592, data59, read
g, user592, group59
p, user593, data59, read
g, user593, group59
p, user594, data59, read
g, user594, group59
p, user595, data59, read
g, user595, group59
p, user596, data59, read
g, user596, group59
p, user597, data59, read
g, user597, group59
p, user598, data59, read
g, user598, group59
p, user599, data59, read
g, user599, group59
p, user600, data60, read
g, user600, group60
p, user601, data60, read
g, user601, group60
p, user602, data60, read
g, user602, group60
p, user603, data60, read
g, user603, group60
p, user604, data60, read
g, user604, group60
p, user605, data60, read
g, user605, group60
p, user606, data60, read
g, user606, group60
p, user607, data60, read
g, user607, group60
p, user608, data60, read
g, user608, group60
p, user609, data60, read
g, user609, group60
p, user610, data61, read
g, user610, group61
p, user611, data61, read
g, user611, group61
p, user612, data61, read
g, user612, group61
p, user613, data61, read
g, user613, group61
p, user614, data61, read
g, user614, group61
p, user615, data61, read
g, user615, group61
p, user616, data61, read
g, user616, group61
p, user617, data61, read
g, user617, group61
p, user618, data61, read
g, user618, group61
p, user619, data61, read
g, user619, group61
p, user620, data62, read
g, user620, group62
p, user621, data62, read
g, user621, group62
p, user622, data62, read
g, user622, group62
p, user623, data62, read
g, user623, group62
p, user624, data62, read
g, user624, group62
p, user625, data62, read
g, user625, group62
p, user626, data62, read
g, user626, group62
p, user627, data62, read
g, user627, group62
p, user628, data62, read
g, user628, group62
p, user629, data62, read
g, user629, group62
p, user630, data63, read
g, user630, group63
p, user631, data63, read
g, user631, group63
p, user632, data63, read
g, user632, group63
p, user633, data63, read
g, user633, group63
p, user634, data63, read
g, user634, group63
p, user635, data63, read
g, user635, group63
p, user636, data63, read
g, user636, group63
p, user637, data63, read
g, user637, group63
p, user638, data63, read
g, user638, group63
p, user639, data63, read
g, user639, group63
p, user640, data64, read
g, user640, group64
p, user641, data64, read
g, user641, group64
p, user642, data64, read
g, user642, group64
p, user643, data64, read
g, user643, group64
p, user644, data64, read
g, user644, group64
p, user645, data64, read
g, user645, group64
p, user646, data64, read
g, user646, group64
p, user647, data64, read
g, user647, group64
p, user648, data64, read
g, user648, group64
p, user649, data64, read
g, user649, group64
p, user650, data65, read
g, user650, group65
p, user651, data65, read
g, user651, group65
p, user652, data65, read
g, user652, group65
p, user653, data65, read
g, user653, group65
p, user654, data65, read
g, user654, group65
p, user655, data65, read
g, user655, group65
p, user656, data65, read
g, user656, group65
p, user657, data65, read
g, user657, group65
p, user658, data65, read
g, user658, group65
p, user659, data65, read
g, user659, group65
p, user660, data66, read
g, user660, group66
p, user661, data66, read
g, user661, group66
p, user662, data66, read
g, user662, group66
p, user663, data66, read
g, user663, group66
p, user664, data66, read
g, user664, group66
p, user665, data66, read
g, user665, group66
p, user666, data66, read
g, user666, group66
p, user667, data66, read
g, user667, group66
p, user668, data66, read
g, user668, group66
p, user669, data66, read
g, user669, group66
p, user670, data67, read
g, user670, group67
p, user671, data67, read
g, user671, group67
p, user672, data67, read
g, user672, group67
p, user673, data67, read
g, user673, group67
p, user674, data67, read
g, user674, group67
p, user675, data67, read
g, user675, group67
p, user676, data67, read
g, user676, group67
p, user677, data67, read
g, user677, group67
p, user678, data67, read
g, user678, group67
p, user679, data67, read
g, user679, group67
p, user680, data68, read
g, user680, group68
p, user681, data68, read
g, user681, group68
p, user682, data68, read
g, user682, group68
p, user683, data68, read
g, user683, group68
p, user684, data68, read
g, user684, group68
p, user685, data68, read
g, user685, group68
p, user686, data68, read
g, user686, group68
p, user687, data68, read
g, user687, group68
p, user688, data68, read
g, user688, group68
p, user689, data68, read
g, user689, group68
p, user690, data69, read
g, user690, group69
p, user691, data69, read
g, user691, group69
p, user692, data69, read
g, user692, group69
p, user693, data69, read
g, user693, group69
p, user694, data69, read
g, user694, group69
p, user695, data69, read
g, user695, group69
p, user696, data69, read
g, user696, group69
p, user697, data69, read
g, user697, group69
p, user698, data69, read
g, user698, group69
p, user699, data69, read
g, user699, group69
p, user700, data70, read
g, user700, group70
p, user701, data70, read
g, user701, group70
p, user702, data70, read
g, user702, group70
p, user703, data70, read
g, user703, group70
p, user704, data70, read
g, user704, group70
p, user705, data70, read
g, user705, group70
p, user706, data70, read
g, user706, group70
p, user707, data70, read
g, user707, group70
p, user708, data70, read
g, user708, group70
p, user709, data70, read
g, user709, group70
p, user710, data71, read
g, user710, group71
p, user711, data71, read
g, user711, group71
p, user712, data71, read
g, user712, group71
p, user713, data71, read
g, user713, group71
p, user714, data71, read
g, user714, group71
p, user715, data71, read
g, user715, group71
p, user716, data71, read
g, user716, group71
p, user717, data71, read
g, user717, group71
p, user718, data71, read
g, user718, group71
p, user719, data71, read
g, user719, group71
p, user720, data72, read
g, user720, group72
p, user721, data72, read
g, user721, group72
p, user722, data72, read
g, user722, group72
p, user723, data72, read
g, user723, group72
p, user724, data72, read
g, user724, group72
p, user725, data72, read
g, user725, group72
p, user726, data72, read
g, user726, group72
p, user727, data72, read
g, user727, group72
p, user728, data72, read
g, user728, group72
p, user729, data72, read
g, user729, group72
p, user730, data73, read
g, user730, group73
p, user731, data73, read
g, user731, group73
p, user732, data73, read
g, user732, group73
p, user733, data73, read
g, user733, group73
p, user734, data73, read
g, user734, group73
p, user735, data73, read
g, user735, group73
p, user736, data73, read
g, user736, group73
p, user737, data73, read
g, user737, group73
p, user738, data73, read
g, user738, group73
p, user739, data73, read
g, user739, group73
p, user740, data74, read
g, user740, group74
p, user741, data74, read
g, user741, group74
p, user742, data74, read
g, user742, group74
p, user743, data74, read
g, user743, group74
p, user744, data74, read
g, user744, group74
p, user745, data74, read
g, user745, group74
p, user746, data74, read
g, user746, group74
p, user747, data74, read
g, user747, group74
p, user748, data74, read
g, user748, group74
p, user749, data74, read
g, user749, group74
p, user750, data75, read
g, user750, group75
p, user751, data75, read
g, user751, group75
p, user752, data75, read
g, user752, group75
p, user753, data75, read
g, user753, group75
p, user754, data75, read
g, user754, group75
p, user755, data75, read
g, user755, group75
p, user756, data75, read
g, user756, group75
p, user757, data75, read
g, user757, group75
p, user758, data75, read
g, user758, group75
p, user759, data75, read
g, user759, group75
p, user760, data76, read
g, user760, group76
p, user761, data76, read
g, user761, group76
p, user762, data76, read
g, user762, group76
p, user763, data76, read
g, user763, group76
p, user764, data76, read
g, user764, group76
p, user765, data76, read
g, user765, group76
p, user766, data76, read
g, user766, group76
p, user767, data76, read
g, user767, group76
p, user768, data76, read
g, user768, group76
p, user769, data76, read
g, user769, group76
p, user770, data77, read
g, user770, group77
p, user771, data77, read
g, user771, group77
p, user772, data77, read
g, user772, group77
p, user773, data77, read
g, user773, group77
p, user774, data77, read
g, user774, group77
p, user775, data77, read
g, user775, group77
p, user776, data77, read
g, user776, group77
p, user777, data77, read
g, user777, group77
p, user778, data77, read
g, user778, group77
p, user779, data77, read
g, user779, group77
p, user780, data78, read
g, user780, group78
p, user781, data78, read
g, user781, group78
p, user782, data78, read
g, user782, group78
p, user783, data78, read
g, user783, group78
p, user784, data78, read
g, user784, group78
p, user785, data78, read
g, user785, group78
p, user786, data78, read
g, user786, group78
p, user787, data78, read
g, user787, group78
p, user788, data78, read
g, user788, group78
p, user789, data78, read
g, user789, group78
p, user790, data79, read
g, user790, group79
p, user791, data79, read
g, user791, group79
p, user792, data79, read
g, user792, group79
p, user793, data79, read
g, user793, group79
p, user794, data79, read
g, user794, group79
p, user795, data79, read
g, user795, group79
p, user796, data79, read
g, user796, group79
p, user797, data79, read
g, user797, group79
p, user798, data79, read
g, user798, group79
p, user799, data79, read
g, user799, group79
p, user800, data80, read
g, user800, group80
p, user801, data80, read
g, user801, group80
p, user802, data80, read
g, user802, group80
p, user803, data80, read
g, user803, group80
p, user804, data80, read
g, user804, group80
p, user805, data80, read
g, user805, group80
p, user806, data80, read
g, user806, group80
p, user807, data80, read
g, user807, group80
p, user808, data80, read
g, user808, group80
p, user809, data80, read
g, user809, group80
p, user810, data81, read
g, user810, group81
p, user811, data81, read
g, user811, group81
p, user812, data81, read
g, user812, group81
p, user813, data81, read
g, user813, group81
p, user814, data81, read
g, user814, group81
p, user815, data81, read
g, user815, group81
p, user816, data81, read
g, user816, group81
p, user817, data81, read
g, user817, group81
p, user818, data81, read
g, user818, group81
p, user819, data81, read
g, user819, group81
p, user820, data82, read
g, user820, group82
p, user821, data82, read
g, user821, group82
p, user822, data82, read
g, user822, group82
p, user823, data82, read
g, user823, group82
p, user824, data82, read
g, user824, group82
p, user825, data82, read
g, user825, group82
p, user826, data82, read
g, user826, group82
p, user827, data82, read
g, user827, group82
p, user828, data82, read
g, user828, group82
p, user829, data82, read
g, user829, group82
p, user830, data83, read
g, user830, group83
p, user831, data83, read
g, user831, group83
p, user832, data83, read
g, user832, group83
p, user833, data83, read
g, user833, group83
p, user834, data83, read
g, user834, group83
p, user835, data83, read
g, user835, group83
p, user836, data83, read
g, user836, group83
p, user837, data83, read
g, user837, group83
p, user838, data83, read
g, user838, group83
p, user839, data83, read
g, user839, group83
p, user840, data84, read
g, user840, group84
p, user841, data84, read
g, user841, group84
p, user842, data84, read
g, user842, group84
p, user843, data84, read
g, user843, group84
p, user844, data84, read
g, user844, group84
p, user845, data84, read
g, user845, group84
p, user846, data84, read
g, user846, group84
p, user847, data84, read
g, user847, group84
p, user848, data84, read
g, user848, group84
p, user849, data84, read
g, user849, group84
p, user850, data85, read
g, user850, group85
p, user851, data85, read
g, user851, group85
p, user852, data85, read
g, user852, group85
p, user853, data85, read
g, user853, group85
p, user854, data85, read
g, user854, group85
p, user855, data85, read
g, user855, group85
p, user856, data85, read
g, user856, group85
p, user857, data85, read
g, user857, group85
p, user858, data85, read
g, user858, group85
p, user859, data85, read
g, user859, group85
p, user860, data86, read
g, user860, group86
p, user861, data86, read
g, user861, group86
p, user862, data86, read
g, user862, group86
p, user863, data86, read
g, user863, group86
p, user864, data86, read
g, user864, group86
p, user865, data86, read
g, user865, group86
p, user866, data86, read
g, user866, group86
p, user867, data86, read
g, user867, group86
p, user868, data86, read
g, user868, group86
p, user869, data86, read
g, user869, group86
p, user870, data87, read
g, user870, group87
p, user871, data87, read
g, user871, group87
p, user872, data87, read
g, user872, group87
p, user873, data87, read
g, user873, group87
p, user874, data87, read
g, user874, group87
p, user875, data87, read
g, user875, group87
p, user876, data87, read
g, user876, group87
p, user877, data87, read
g, user877, group87
p, user878, data87, read
g, user878, group87
p, user879, data87, read
g, user879, group87
p, user880, data88, read
g, user880, group88
p, user881, data88, read
g, user881, group88
p, user882, data88, read
g, user882, group88
p, user883, data88, read
g, user883, group88
p, user884, data88, read
g, user884, group88
p, user885, data88, read
g, user885, group88
p, user886, data88, read
g, user886, group88
p, user887, data88, read
g, user887, group88
p, user888, data88, read
g, user888, group88
p, user889, data88, read
g, user889, group88
p, user890, data89, read
g, user890, group89
p, user891, data89, read
g, user891, group89
p, user892, data89, read
g, user892, group89
p, user893, data89, read
g, user893, group89
p, user894, data89, read
g, user894, group89
p, user895, data89, read
g, user895, group89
p, user896, data89, read
g, user896, group89
p, user897, data89, read
g, user897, group89
p, user898, data89, read
g, user898, group89
p, user899, data89, read
g, user899, group89
p, user900, data90, read
g, user900, group90
p, user901, data90, read
g, user901, group90
p, user902, data90, read
g, user902, group90
p, user903, data90, read
g, user903, group90
p, user904, data90, read
g, user904, group90
p, user905, data90, read
g, user905, group90
p, user906, data90, read
g, user906, group90
p, user907, data90, read
g, user907, group90
p, user908, data90, read
g, user908, group90
p, user909, data90, read
g, user909, group90
p, user910, data91, read
g, user910, group91
p, user911, data91, read
g, user911, group91
p, user912, data91, read
g, user912, group91
p, user913, data91, read
g, user913, group91
p, user914, data91, read
g, user914, group91
p, user915, data91, read
g, user915, group91
p, user916, data91, read
g, user916, group91
p, user917, data91, read
g, user917, group91
p, user918, data91, read
g, user918, group91
p, user919, data91, read
g, user919, group91
p, user920, data92, read
g, user920, group92
p, user921, data92, read
g, user921, group92
p, user922, data92, read
g, user922, group92
p, user923, data92, read
g, user923, group92
p, user924, data92, read
g, user924, group92
p, user925, data92, read
g, user925, group92
p, user926, data92, read
g, user926, group92
p, user927, data92, read
g, user927, group92
p, user928, data92, read
g, user928, group92
p, user929, data92, read
g, user929, group92
p, user930, data93, read
g, user930, group93
p, user931, data93, read
g, user931, group93
p, user932, data93, read
g, user932, group93
p, user933, data93, read
g, user933, group93
p, user934, data93, read
g, user934, group93
p, user935, data93, read
g, user935, group93
p, user936, data93, read
g, user936, group93
p, user937, data93, read
g, user937, group93
p, user938, data93, read
g, user938, group93
p, user939, data93, read
g, user939, group93
p, user940, data94, read
g, user940, group94
p, user941, data94, read
g, user941, group94
p, user942, data94, read
g, user942, group94
p, user943, data94, read
g, user943, group94
p, user944, data94, read
g, user944, group94
p, user945, data94, read
g, user945, group94
p, user946, data94, read
g, user946, group94
p, user947, data94, read
g, user947, group94
p, user948, data94, read
g, user948, group94
p, user949, data94, read
g, user949, group94
p, user950, data95, read
g, user950, group95
p, user951, data95, read
g, user951, group95
p, user952, data95, read
g, user952, group95
p, user953, data95, read
g, user953, group95
p, user954, data95, read
g, user954, group95
p, user955, data95, read
g, user955, group95
p, user956, data95, read
g, user956, group95
p, user957, data95, read
g, user957, group95
p, user958, data95, read
g, user958, group95
p, user959, data95, read
g, user959, group95
p, user960, data96, read
g, user960, group96
p, user961, data96, read
g, user961, group96
p, user962, data96, read
g, user962, group96
p, user963, data96, read
g, user963, group96
p, user964, data96, read
g, user964, group96
p, user965, data96, read
g, user965, group96
p, user966, data96, read
g, user966, group96
p, user967, data96, read
g, user967, group96
p, user968, data96, read
g, user968, group96
p, user969, data96, read
g, user969, group96
p, user970, data97, read
g, user970, group97
p, user971, data97, read
g, user971, group97
p, user972, data97, read
g, user972, group97
p, user973, data97, read
g, user973, group97
p, user974, data97, read
g, user974, group97
p, user975, data97, read
g, user975, group97
p, user976, data97, read
g, user976, group97
p, user977, data97, read
g, user977, group97
p, user978, data97, read
g, user978, group97
p, user979, data97, read
g, user979, group97
p, user980, data98, read
g, user980, group98
p, user981, data98, read
g, user981, group98
p, user982, data98, read
g, user982, group98
p, user983, data98, read
g, user983, group98
p, user984, data98, read
g, user984, group98
p, user985, data98, read
g, user985, group98
p, user986, data98, read
g, user986, group98
p, user987, data98, read
g, user987, group98
p, user988, data98, read
g, user988, group98
p, user989, data98, read
g, user989, group98
p, user990, data99, read
g, user990, group99
p, user991, data99, read
g, user991, group99
p, user992, data99, read
g, user992, group99
p, user993, data99, read
g, user993, group99
p, user994, data99, read
g, user994, group99
p, user995, data99, read
g, user995, group99
p, user996, data99, read
g, user996, group99
p, user997, data99, read
g, user997, group99
p, user998, data99, read
g, user998, group99
p, user999, data99, read
g, user999, group99